t_stat,t_pval,t_stat_excess,t_pval_excess,win_rate,binom_pval,n_trades
10.977024435389563,1.0314883829404256e-26,5.124012180114949,3.513304365439673e-07,0.7317073170731707,1.372329260816491e-07,123
