t_stat,t_pval,t_stat_excess,t_pval_excess,win_rate,binom_pval,n_trades
8.436372124129965,4.9886817092429406e-15,2.9946674081957196,0.0030725938096699133,0.8285714285714286,5.842093378305435e-05,35
