t_stat,t_pval,t_stat_excess,t_pval_excess,win_rate,binom_pval,n_trades
15.431930740318066,6.389085277868679e-49,4.987977507857584,7.053082651593925e-07,0.9776119402985075,1.8418986286927507e-35,134
