{
  "total_return": 0.8356493896827595,
  "cagr": 0.039218784121734185,
  "volatility": 0.010441231473076443,
  "sharpe_ratio": 3.6897684666896033,
  "sortino_ratio": 3.7651218217509035,
  "max_drawdown": -0.009825808199037922,
  "final_value": 183.56493896827595,
  "initial_value": 100.0
}