{
  "total_return": 0.8427088867021684,
  "cagr": 0.026922373086629037,
  "volatility": 0.0086521008960107,
  "sharpe_ratio": 3.074989952035494,
  "sortino_ratio": 3.1323849930304672,
  "max_drawdown": -0.009825808199037922,
  "final_value": 184.27088867021683,
  "initial_value": 100.0
}