{
  "total_return": 0.8414888371281821,
  "cagr": 0.03924746292921011,
  "volatility": 0.010420302302263538,
  "sharpe_ratio": 3.6998070308132593,
  "sortino_ratio": 3.7694166926930786,
  "max_drawdown": -0.009825808199037922,
  "final_value": 184.14888371281822,
  "initial_value": 100.0
}