{
  "total_return": 0.8060287534213726,
  "cagr": 0.025862696868191426,
  "volatility": 0.009402606884783074,
  "sharpe_ratio": 2.7204547927933773,
  "sortino_ratio": 2.750077706475518,
  "max_drawdown": -0.03105892489428447,
  "final_value": 180.60287534213725,
  "initial_value": 100.0
}