{
  "total_return": 0.7429739810729072,
  "cagr": 0.023183193429357152,
  "volatility": 0.007924860099564855,
  "sharpe_ratio": 2.896069299868994,
  "sortino_ratio": 2.6676336331907677,
  "max_drawdown": -0.00950517031694051,
  "final_value": 174.29739810729072,
  "initial_value": 100.0
}