{
  "total_return": 0.6977467969339983,
  "cagr": 0.023126598651430186,
  "volatility": 0.009284016096003647,
  "sharpe_ratio": 2.4673950567949894,
  "sortino_ratio": 2.471603436714168,
  "max_drawdown": -0.04195059733577762,
  "final_value": 169.77467969339983,
  "initial_value": 100.0
}