{
  "total_return": 0.6804263350681758,
  "cagr": 0.033419917442668146,
  "volatility": 0.011630059807170577,
  "sharpe_ratio": 2.832544594632982,
  "sortino_ratio": 3.2853145541624578,
  "max_drawdown": -0.02675455431606517,
  "final_value": 168.0426335068176,
  "initial_value": 100.0
}