{
  "total_return": 0.8558204348625327,
  "cagr": 0.02583443405430641,
  "volatility": 0.00989535530339219,
  "sharpe_ratio": 2.5826833874878807,
  "sortino_ratio": 2.8035818881114536,
  "max_drawdown": -0.03353920944899371,
  "final_value": 185.58204348625327,
  "initial_value": 100.0
}