{
  "total_return": 0.8041366064729669,
  "cagr": 0.03807968663194372,
  "volatility": 0.011642473961842063,
  "sharpe_ratio": 3.2159987127025396,
  "sortino_ratio": 3.49428514278921,
  "max_drawdown": -0.015000109913164554,
  "final_value": 180.4136606472967,
  "initial_value": 100.0
}