{
  "total_return": 0.8045960965893675,
  "cagr": 0.02582753226368739,
  "volatility": 0.009684061732494,
  "sharpe_ratio": 2.638125267072485,
  "sortino_ratio": 3.1109159588405313,
  "max_drawdown": -0.02055428952301189,
  "final_value": 180.45960965893676,
  "initial_value": 100.0
}