{
  "total_return": 0.7335193202060586,
  "cagr": 0.024048532992520633,
  "volatility": 0.009883587347607591,
  "sharpe_ratio": 2.409432744021184,
  "sortino_ratio": 2.44173855672492,
  "max_drawdown": -0.0558230020735103,
  "final_value": 173.35193202060586,
  "initial_value": 100.0
}