{
  "total_return": 0.8400940176894292,
  "cagr": 0.026691061874880795,
  "volatility": 0.010165614269158215,
  "sharpe_ratio": 2.5964065952262088,
  "sortino_ratio": 2.871547031911076,
  "max_drawdown": -0.02809591074404461,
  "final_value": 184.00940176894292,
  "initial_value": 100.0
}