{
  "total_return": 0.7915800054684996,
  "cagr": 0.03744863082004324,
  "volatility": 0.011071999775749774,
  "sharpe_ratio": 3.3261866892833387,
  "sortino_ratio": 3.4825007464171978,
  "max_drawdown": -0.015341933600392637,
  "final_value": 179.15800054684996,
  "initial_value": 100.0
}