{
  "total_return": 0.6701413000771439,
  "cagr": 0.03301817157854248,
  "volatility": 0.009418418324703767,
  "sharpe_ratio": 3.4539261978247504,
  "sortino_ratio": 3.250118748135257,
  "max_drawdown": -0.009223414808095534,
  "final_value": 167.01413000771439,
  "initial_value": 100.0
}