{
  "total_return": 0.8162896484665896,
  "cagr": 0.02627802690615022,
  "volatility": 0.009036589953821755,
  "sharpe_ratio": 2.8750688499977213,
  "sortino_ratio": 2.924137724336809,
  "max_drawdown": -0.01713694435614521,
  "final_value": 181.62896484665896,
  "initial_value": 100.0
}