{
  "total_return": 0.6528595044618968,
  "cagr": 0.021943098892000856,
  "volatility": 0.009171466546308984,
  "sharpe_ratio": 2.3713506132619884,
  "sortino_ratio": 2.3595680536597308,
  "max_drawdown": -0.031523106823534125,
  "final_value": 165.28595044618967,
  "initial_value": 100.0
}