{
  "total_return": 1.5168446570564846,
  "cagr": 0.03880868767162493,
  "volatility": 0.009202829151851366,
  "sharpe_ratio": 4.142174810440275,
  "sortino_ratio": 5.128850680813152,
  "max_drawdown": -0.006163527933574396,
  "final_value": 251.68446570564845,
  "initial_value": 100.0
}