{
  "total_return": 1.417918719778358,
  "cagr": 0.03911981727455216,
  "volatility": 0.00892339153019815,
  "sharpe_ratio": 4.305168194989492,
  "sortino_ratio": 5.155353070704635,
  "max_drawdown": -0.008122451349524626,
  "final_value": 241.7918719778358,
  "initial_value": 100.0
}