{
  "total_return": 1.6335289513123308,
  "cagr": 0.04075248051353686,
  "volatility": 0.010611120657139497,
  "sharpe_ratio": 3.769954376192222,
  "sortino_ratio": 3.477420946144393,
  "max_drawdown": -0.044642434017584616,
  "final_value": 263.3528951312331,
  "initial_value": 100.0
}