{
  "total_return": 0.9368821870895676,
  "cagr": 0.028966986791394644,
  "volatility": 0.012792715033251212,
  "sharpe_ratio": 2.2386895640767936,
  "sortino_ratio": 2.037243369520706,
  "max_drawdown": -0.07510286724512502,
  "final_value": 193.68821870895675,
  "initial_value": 100.0
}