{
  "total_return": 1.3778392675298123,
  "cagr": 0.05613246774082392,
  "volatility": 0.01095164037114097,
  "sharpe_ratio": 4.9926383407335875,
  "sortino_ratio": 5.8592187538621285,
  "max_drawdown": -0.00950517031694058,
  "final_value": 237.78392675298122,
  "initial_value": 100.0
}