{
  "total_return": 1.0398390154172694,
  "cagr": 0.03127149628955728,
  "volatility": 0.010100192361373087,
  "sharpe_ratio": 3.053935803725537,
  "sortino_ratio": 3.4624421365212608,
  "max_drawdown": -0.025309160460510606,
  "final_value": 203.98390154172694,
  "initial_value": 100.0
}