{
  "total_return": 0.7020284079147401,
  "cagr": 0.022180336989388705,
  "volatility": 0.00964342979654718,
  "sharpe_ratio": 2.279826937613791,
  "sortino_ratio": 2.4120865740143795,
  "max_drawdown": -0.037176626383730677,
  "final_value": 170.20284079147402,
  "initial_value": 100.0
}