{
  "total_return": 0.7440807137426626,
  "cagr": 0.02431724344110875,
  "volatility": 0.009239928879784838,
  "sharpe_ratio": 2.6050075964896955,
  "sortino_ratio": 2.77748010998842,
  "max_drawdown": -0.02677748789770354,
  "final_value": 174.40807137426626,
  "initial_value": 100.0
}