{
  "total_return": 0.7579673468481816,
  "cagr": 0.02482324869042052,
  "volatility": 0.009394120149038704,
  "sharpe_ratio": 2.6149804034509416,
  "sortino_ratio": 2.786452652267935,
  "max_drawdown": -0.020998565744036354,
  "final_value": 175.79673468481815,
  "initial_value": 100.0
}