{
  "total_return": 0.7572530137490086,
  "cagr": 0.036183946382524645,
  "volatility": 0.01131372994097506,
  "sharpe_ratio": 3.1475350465198604,
  "sortino_ratio": 3.353493878953759,
  "max_drawdown": -0.020998565744036354,
  "final_value": 175.72530137490085,
  "initial_value": 100.0
}