{
  "total_return": 1.3243914580022782,
  "cagr": 0.03733969321537245,
  "volatility": 0.009803276314410378,
  "sharpe_ratio": 3.744677408601002,
  "sortino_ratio": 4.2770716187099955,
  "max_drawdown": -0.013321772568291094,
  "final_value": 232.43914580022783,
  "initial_value": 100.0
}