{
  "total_return": 1.3259050722842831,
  "cagr": 0.05466299976841893,
  "volatility": 0.011786835047404371,
  "sharpe_ratio": 4.5215309456890855,
  "sortino_ratio": 5.18754001239953,
  "max_drawdown": -0.013321772568291076,
  "final_value": 232.5905072284283,
  "initial_value": 100.0
}