{
  "total_return": 1.2955184998143947,
  "cagr": 0.03654525742527093,
  "volatility": 0.009544062422465782,
  "sharpe_ratio": 3.765834345163097,
  "sortino_ratio": 4.409641821280249,
  "max_drawdown": -0.009505170316940599,
  "final_value": 229.55184998143946,
  "initial_value": 100.0
}