{
  "total_return": 1.3299247127865184,
  "cagr": 0.05503146198328901,
  "volatility": 0.011556088648698941,
  "sharpe_ratio": 4.641812379381605,
  "sortino_ratio": 5.694688924837323,
  "max_drawdown": -0.009548775222647863,
  "final_value": 232.99247127865183,
  "initial_value": 100.0
}