{
  "total_return": 1.1598353468715166,
  "cagr": 0.03227416164919039,
  "volatility": 0.009372384792733474,
  "sharpe_ratio": 3.3940314784723036,
  "sortino_ratio": 3.577858503197632,
  "max_drawdown": -0.012385450946097436,
  "final_value": 215.98353468715166,
  "initial_value": 100.0
}