{
  "total_return": 0.6851039809913813,
  "cagr": 0.022796315533922806,
  "volatility": 0.00913888337304879,
  "sharpe_ratio": 2.471099878978059,
  "sortino_ratio": 2.562765477378982,
  "max_drawdown": -0.029836363168253752,
  "final_value": 168.51039809913811,
  "initial_value": 100.0
}