{
  "total_return": 0.08965513543807768,
  "cagr": 0.018959643973245344,
  "volatility": 0.012473959312772807,
  "sharpe_ratio": 1.5120004242410572,
  "sortino_ratio": 0.7556962118896368,
  "max_drawdown": -0.022309043122886216,
  "final_value": 108.96551354380777,
  "initial_value": 100.0
}