{
  "total_return": 0.20713812113253782,
  "cagr": 0.008164724053110195,
  "volatility": 0.0043009800358038384,
  "sharpe_ratio": 1.8928118355083465,
  "sortino_ratio": 1.0787409587671817,
  "max_drawdown": -0.011713862273111534,
  "final_value": 120.71381211325378,
  "initial_value": 100.0
}