{
  "total_return": 0.76533068206427,
  "cagr": 0.023721270239343673,
  "volatility": 0.007883659602624363,
  "sharpe_ratio": 2.977860160603761,
  "sortino_ratio": 3.1223614600167107,
  "max_drawdown": -0.012280752077525074,
  "final_value": 176.533068206427,
  "initial_value": 100.0
}