{
  "total_return": 0.7174902029615882,
  "cagr": 0.034689729815359005,
  "volatility": 0.009195057423093454,
  "sharpe_ratio": 3.713455139268251,
  "sortino_ratio": 3.937239727399502,
  "max_drawdown": -0.012280752077525152,
  "final_value": 171.74902029615882,
  "initial_value": 100.0
}