{
  "total_return": 0.7123747181750537,
  "cagr": 0.034653333122859564,
  "volatility": 0.009207735563762623,
  "sharpe_ratio": 3.70453398975617,
  "sortino_ratio": 3.9284450413064915,
  "max_drawdown": -0.012280752077524937,
  "final_value": 171.23747181750537,
  "initial_value": 100.0
}