{
  "total_return": 0.7176021097539504,
  "cagr": 0.023789099628042765,
  "volatility": 0.007635066612624431,
  "sharpe_ratio": 3.0832430801305954,
  "sortino_ratio": 3.269781165385742,
  "max_drawdown": -0.012280752077525152,
  "final_value": 171.76021097539504,
  "initial_value": 100.0
}