{
  "total_return": 0.7252423251003919,
  "cagr": 0.023836846740822537,
  "volatility": 0.007620928254735843,
  "sharpe_ratio": 3.0950690981594526,
  "sortino_ratio": 3.2823225805790446,
  "max_drawdown": -0.01228075207752481,
  "final_value": 172.52423251003918,
  "initial_value": 100.0
}