{
  "total_return": 0.8539044125450896,
  "cagr": 0.028995940077850557,
  "volatility": 0.012892542845765721,
  "sharpe_ratio": 2.224074673389868,
  "sortino_ratio": 3.117501273729819,
  "max_drawdown": -0.012500753832427911,
  "final_value": 185.39044125450897,
  "initial_value": 100.0
}