{
  "total_return": 0.8211830789067043,
  "cagr": 0.03927420194419762,
  "volatility": 0.010500049669143016,
  "sharpe_ratio": 3.67423709724104,
  "sortino_ratio": 3.7498945748913437,
  "max_drawdown": -0.009825808199037922,
  "final_value": 182.11830789067042,
  "initial_value": 100.0
}