{
  "total_return": 0.8332251946053406,
  "cagr": 0.039256704190642866,
  "volatility": 0.010455481071252581,
  "sharpe_ratio": 3.688244206507547,
  "sortino_ratio": 3.7667930846459234,
  "max_drawdown": -0.009825808199037922,
  "final_value": 183.32251946053407,
  "initial_value": 100.0
}