{
  "total_return": 0.815328046099288,
  "cagr": 0.03905917338084963,
  "volatility": 0.012012309460447587,
  "sharpe_ratio": 3.195868080215202,
  "sortino_ratio": 3.4439981223124443,
  "max_drawdown": -0.017942786824760373,
  "final_value": 181.5328046099288,
  "initial_value": 100.0
}