{
  "total_return": 0.8203251365474129,
  "cagr": 0.038667163277408934,
  "volatility": 0.012104175911112519,
  "sharpe_ratio": 3.140525080080004,
  "sortino_ratio": 3.6970425603610115,
  "max_drawdown": -0.0184673120642911,
  "final_value": 182.03251365474128,
  "initial_value": 100.0
}