{
  "total_return": 0.7432013086586629,
  "cagr": 0.036355675413725974,
  "volatility": 0.010376544566445035,
  "sharpe_ratio": 3.4468049073563387,
  "sortino_ratio": 3.2878372059318983,
  "max_drawdown": -0.01713694435614548,
  "final_value": 174.32013086586628,
  "initial_value": 100.0
}