{
  "total_return": 0.743569209337112,
  "cagr": 0.03636972893485124,
  "volatility": 0.010347260667611907,
  "sharpe_ratio": 3.457841081547475,
  "sortino_ratio": 3.273049643612284,
  "max_drawdown": -0.015000109913164614,
  "final_value": 174.3569209337112,
  "initial_value": 100.0
}