{
  "total_return": 0.7508992062600139,
  "cagr": 0.026275817994935835,
  "volatility": 0.013335949014934234,
  "sharpe_ratio": 1.9519779717635344,
  "sortino_ratio": 2.628071531877145,
  "max_drawdown": -0.02064401963275712,
  "final_value": 175.0899206260014,
  "initial_value": 100.0
}