{
  "total_return": 0.7825018093397131,
  "cagr": 0.037841462035231865,
  "volatility": 0.010841050995286379,
  "sharpe_ratio": 3.431737120227784,
  "sortino_ratio": 3.3774450413243176,
  "max_drawdown": -0.015000109913164576,
  "final_value": 178.2501809339713,
  "initial_value": 100.0
}