{
  "total_return": 0.7270247425405321,
  "cagr": 0.025623589145807868,
  "volatility": 0.013746699118239834,
  "sharpe_ratio": 1.8477901339207112,
  "sortino_ratio": 2.3127772496793577,
  "max_drawdown": -0.03132095183379457,
  "final_value": 172.70247425405321,
  "initial_value": 100.0
}