{
  "total_return": 0.7785227125417764,
  "cagr": 0.03725842716225758,
  "volatility": 0.011590397042814764,
  "sharpe_ratio": 3.162104844684851,
  "sortino_ratio": 3.447534318715606,
  "max_drawdown": -0.015000109913164616,
  "final_value": 177.85227125417765,
  "initial_value": 100.0
}