{
  "total_return": 1.3444734625946642,
  "cagr": 0.05544749008473815,
  "volatility": 0.010732038435629082,
  "sharpe_ratio": 5.034115727041136,
  "sortino_ratio": 6.319950809134238,
  "max_drawdown": -0.007120587040072449,
  "final_value": 234.4473462594664,
  "initial_value": 100.0
}