{
  "total_return": 0.7505697669738276,
  "cagr": 0.036214981179235384,
  "volatility": 0.011343602156520872,
  "sharpe_ratio": 3.141916690457938,
  "sortino_ratio": 3.349030971773269,
  "max_drawdown": -0.020998565744036354,
  "final_value": 175.05697669738277,
  "initial_value": 100.0
}