{
  "total_return": 0.7495274274799473,
  "cagr": 0.026238572571059215,
  "volatility": 0.013883335907332543,
  "sharpe_ratio": 1.8729366761062396,
  "sortino_ratio": 2.4944929713473307,
  "max_drawdown": -0.03608024518199727,
  "final_value": 174.95274274799473,
  "initial_value": 100.0
}