{
  "total_return": 0.7384726172333189,
  "cagr": 0.03617479554869196,
  "volatility": 0.011389030727044131,
  "sharpe_ratio": 3.1260239616227494,
  "sortino_ratio": 3.3280874999350316,
  "max_drawdown": -0.020998565744036354,
  "final_value": 173.84726172333188,
  "initial_value": 100.0
}