{
  "total_return": 0.7521826189070546,
  "cagr": 0.036160362994775985,
  "volatility": 0.011332588914320983,
  "sharpe_ratio": 3.1403073654875873,
  "sortino_ratio": 3.347152251966237,
  "max_drawdown": -0.020998565744036354,
  "final_value": 175.21826189070546,
  "initial_value": 100.0
}