{
  "total_return": 0.6999591818308273,
  "cagr": 0.03468421098466945,
  "volatility": 0.009246798038564276,
  "sharpe_ratio": 3.692151066533618,
  "sortino_ratio": 3.9125038037143676,
  "max_drawdown": -0.012280752077524933,
  "final_value": 169.99591818308272,
  "initial_value": 100.0
}