{
  "total_return": 0.7096219697507511,
  "cagr": 0.034657933412935105,
  "volatility": 0.009219625876350685,
  "sharpe_ratio": 3.700250516435197,
  "sortino_ratio": 3.929380301038851,
  "max_drawdown": -0.012280752077524838,
  "final_value": 170.9621969750751,
  "initial_value": 100.0
}