{
  "total_return": 0.2677350766507747,
  "cagr": 0.2677350766507747,
  "volatility": 0.09271020046162635,
  "sharpe_ratio": 2.609188406476373,
  "sortino_ratio": 5.0145038540424425,
  "max_drawdown": -0.02303313708198113,
  "final_value": 1267735.0766507746,
  "initial_value": 1000000.0
}